run,type,module,name,attrname,attrvalue,value,count,sumweights,mean,stddev,min,max,binedges,binvalues
plain-0-20220516-01:35:53-22224,runattr,,,configname,plain,,,,,,,,,
plain-0-20220516-01:35:53-22224,runattr,,,datetime,20220516-01:35:53,,,,,,,,,
plain-0-20220516-01:35:53-22224,runattr,,,experiment,plain,,,,,,,,,
plain-0-20220516-01:35:53-22224,runattr,,,inifile,omnetpp.ini,,,,,,,,,
plain-0-20220516-01:35:53-22224,runattr,,,iterationvars,,,,,,,,,,
plain-0-20220516-01:35:53-22224,runattr,,,iterationvarsf,,,,,,,,,,
plain-0-20220516-01:35:53-22224,runattr,,,measurement,,,,,,,,,,
plain-0-20220516-01:35:53-22224,runattr,,,network,Scenario,,,,,,,,,
plain-0-20220516-01:35:53-22224,runattr,,,processid,22224,,,,,,,,,
plain-0-20220516-01:35:53-22224,runattr,,,repetition,0,,,,,,,,,
plain-0-20220516-01:35:53-22224,runattr,,,replication,#0,,,,,,,,,
plain-0-20220516-01:35:53-22224,runattr,,,resultdir,results,,,,,,,,,
plain-0-20220516-01:35:53-22224,runattr,,,runnumber,0,,,,,,,,,
plain-0-20220516-01:35:53-22224,runattr,,,seedset,0,,,,,,,,,
plain-0-20220516-01:35:53-22224,param,,,*.node[*].numApps,1,,,,,,,,,
plain-0-20220516-01:35:53-22224,param,,,*.node[*].app[0].typename,"""org.car2x.veins.subprojects.veins_inet.VeinsInetSampleApplication""",,,,,,,,,
plain-0-20220516-01:35:53-22224,param,,,*.node[*].app[0].interface,"""wlan0""",,,,,,,,,
plain-0-20220516-01:35:53-22224,param,,,*.node[*].wlan[0].opMode,"""p""",,,,,,,,,
plain-0-20220516-01:35:53-22224,param,,,*.node[*].wlan[0].radio.typename,"""Ieee80211DimensionalRadio""",,,,,,,,,
plain-0-20220516-01:35:53-22224,param,,,*.node[*].wlan[0].radio.bandName,"""5.9 GHz""",,,,,,,,,
plain-0-20220516-01:35:53-22224,param,,,*.node[*].wlan[0].radio.channelNumber,3,,,,,,,,,
plain-0-20220516-01:35:53-22224,param,,,*.node[*].wlan[0].radio.transmitter.power,20mW,,,,,,,,,
plain-0-20220516-01:35:53-22224,param,,,*.node[*].wlan[0].radio.bandwidth,10 MHz,,,,,,,,,
plain-0-20220516-01:35:53-22224,param,,,*.node[*].wlan[*].radio.antenna.mobility.typename,"""AttachedMobility""",,,,,,,,,
plain-0-20220516-01:35:53-22224,param,,,*.node[*].wlan[*].radio.antenna.mobility.mobilityModule,"""^.^.^.^.mobility""",,,,,,,,,
plain-0-20220516-01:35:53-22224,param,,,*.node[*].wlan[*].radio.antenna.mobility.offsetX,-2.5m,,,,,,,,,
plain-0-20220516-01:35:53-22224,param,,,*.node[*].wlan[*].radio.antenna.mobility.offsetZ,1.5m,,,,,,,,,
plain-0-20220516-01:35:53-22224,param,,,*.node[*].wlan[*].radio.antenna.mobility.constraintAreaMinX,0m,,,,,,,,,
plain-0-20220516-01:35:53-22224,param,,,*.node[*].wlan[*].radio.antenna.mobility.constraintAreaMaxX,0m,,,,,,,,,
plain-0-20220516-01:35:53-22224,param,,,*.node[*].wlan[*].radio.antenna.mobility.constraintAreaMinY,0m,,,,,,,,,
plain-0-20220516-01:35:53-22224,param,,,*.node[*].wlan[*].radio.antenna.mobility.constraintAreaMaxY,0m,,,,,,,,,
plain-0-20220516-01:35:53-22224,param,,,*.node[*].wlan[*].radio.antenna.mobility.constraintAreaMinZ,0m,,,,,,,,,
plain-0-20220516-01:35:53-22224,param,,,*.node[*].wlan[*].radio.antenna.mobility.constraintAreaMaxZ,0m,,,,,,,,,
plain-0-20220516-01:35:53-22224,param,,,*.node[*].ipv4.configurator.typename,"""HostAutoConfigurator""",,,,,,,,,
plain-0-20220516-01:35:53-22224,param,,,*.node[*].ipv4.configurator.interfaces,"""wlan0""",,,,,,,,,
plain-0-20220516-01:35:53-22224,param,,,*.node[*].ipv4.configurator.mcastGroups,"""224.0.0.1""",,,,,,,,,
plain-0-20220516-01:35:53-22224,param,,,*.node[*].mobility.typename,"""VeinsInetMobility""",,,,,,,,,
plain-0-20220516-01:35:53-22224,param,,,*.manager.updateInterval,0.1s,,,,,,,,,
plain-0-20220516-01:35:53-22224,param,,,*.manager.host,"""localhost""",,,,,,,,,
plain-0-20220516-01:35:53-22224,param,,,*.manager.port,9999,,,,,,,,,
plain-0-20220516-01:35:53-22224,param,,,*.manager.autoShutdown,true,,,,,,,,,
plain-0-20220516-01:35:53-22224,param,,,*.manager.launchConfig,"xmldoc(""FresnoState.launchd.xml"")",,,,,,,,,
plain-0-20220516-01:35:53-22224,param,,,*.manager.moduleType,"""org.car2x.veins.subprojects.veins_inet.VeinsInetCar""",,,,,,,,,
plain-0-20220516-01:35:53-22224,param,,,*.physicalEnvironment.config,"xmldoc(""obstacles.xml"")",,,,,,,,,
plain-0-20220516-01:35:53-22224,param,,,*.radioMedium.obstacleLoss.typename,"""IdealObstacleLoss""",,,,,,,,,
plain-0-20220516-01:35:53-22224,scalar,Scenario.node[32].lo[0].lo,rcvdPkFromHl:count,,,0,,,,,,,,
plain-0-20220516-01:35:53-22224,attr,Scenario.node[32].lo[0].lo,rcvdPkFromHl:count,interpolationmode,none,,,,,,,,,
plain-0-20220516-01:35:53-22224,attr,Scenario.node[32].lo[0].lo,rcvdPkFromHl:count,source,packetReceivedFromUpper,,,,,,,,,
plain-0-20220516-01:35:53-22224,attr,Scenario.node[32].lo[0].lo,rcvdPkFromHl:count,title,"packets received from higher layer, count",,,,,,,,,
plain-0-20220516-01:35:53-22224,scalar,Scenario.node[32].lo[0].lo,rcvdPkFromHl:sum(packetBytes),,,0,,,,,,,,
plain-0-20220516-01:35:53-22224,attr,Scenario.node[32].lo[0].lo,rcvdPkFromHl:sum(packetBytes),interpolationmode,none,,,,,,,,,
plain-0-20220516-01:35:53-22224,attr,Scenario.node[32].lo[0].lo,rcvdPkFromHl:sum(packetBytes),source,packetReceivedFromUpper,,,,,,,,,
plain-0-20220516-01:35:53-22224,attr,Scenario.node[32].lo[0].lo,rcvdPkFromHl:sum(packetBytes),title,"packets received from higher layer, sum(packetBytes)",,,,,,,,,
plain-0-20220516-01:35:53-22224,scalar,Scenario.node[32].lo[0].lo,passedUpPk:count,,,0,,,,,,,,
plain-0-20220516-01:35:53-22224,attr,Scenario.node[32].lo[0].lo,passedUpPk:count,interpolationmode,none,,,,,,,,,
plain-0-20220516-01:35:53-22224,attr,Scenario.node[32].lo[0].lo,passedUpPk:count,source,packetSentToUpper,,,,,,,,,
plain-0-20220516-01:35:53-22224,attr,Scenario.node[32].lo[0].lo,passedUpPk:count,title,"packets passed to higher layer, count",,,,,,,,,
plain-0-20220516-01:35:53-22224,scalar,Scenario.node[32].lo[0].lo,passedUpPk:sum(packetBytes),,,0,,,,,,,,
plain-0-20220516-01:35:53-22224,attr,Scenario.node[32].lo[0].lo,passedUpPk:sum(packetBytes),interpolationmode,none,,,,,,,,,
plain-0-20220516-01:35:53-22224,attr,Scenario.node[32].lo[0].lo,passedUpPk:sum(packetBytes),source,packetSentToUpper,,,,,,,,,
plain-0-20220516-01:35:53-22224,attr,Scenario.node[32].lo[0].lo,passedUpPk:sum(packetBytes),title,"packets passed to higher layer, sum(packetBytes)",,,,,,,,,
plain-0-20220516-01:35:53-22224,scalar,Scenario.node[32].wlan[0].mac.dcf.channelAccess.pendingQueue,packetPopped:count,,,0,,,,,,,,
plain-0-20220516-01:35:53-22224,attr,Scenario.node[32].wlan[0].mac.dcf.channelAccess.pendingQueue,packetPopped:count,interpolationmode,none,,,,,,,,,
plain-0-20220516-01:35:53-22224,attr,Scenario.node[32].wlan[0].mac.dcf.channelAccess.pendingQueue,packetPopped:count,title,"packet popped, count",,,,,,,,,
plain-0-20220516-01:35:53-22224,scalar,Scenario.node[32].wlan[0].mac.dcf.channelAccess.pendingQueue,packetPopped:sum(packetBytes),,,0,,,,,,,,
plain-0-20220516-01:35:53-22224,attr,Scenario.node[32].wlan[0].mac.dcf.channelAccess.pendingQueue,packetPopped:sum(packetBytes),interpolationmode,none,,,,,,,,,
plain-0-20220516-01:35:53-22224,attr,Scenario.node[32].wlan[0].mac.dcf.channelAccess.pendingQueue,packetPopped:sum(packetBytes),title,"packet popped, sum(packetBytes)",,,,,,,,,
plain-0-20220516-01:35:53-22224,scalar,Scenario.node[32].wlan[0].mac.dcf.channelAccess.pendingQueue,queueLength:max,,,NaN,,,,,,,,
plain-0-20220516-01:35:53-22224,attr,Scenario.node[32].wlan[0].mac.dcf.channelAccess.pendingQueue,queueLength:max,interpolationmode,sample-hold,,,,,,,,,
plain-0-20220516-01:35:53-22224,attr,Scenario.node[32].wlan[0].mac.dcf.channelAccess.pendingQueue,queueLength:max,source,count(packetPushed) - count(packetPopped) - count(packetRemoved) - count(packetDropped),,,,,,,,,
plain-0-20220516-01:35:53-22224,attr,Scenario.node[32].wlan[0].mac.dcf.channelAccess.pendingQueue,queueLength:max,title,"queue length, max",,,,,,,,,
plain-0-20220516-01:35:53-22224,scalar,Scenario.node[32].wlan[0].mac.dcf.channelAccess.pendingQueue,queueLength:timeavg,,,NaN,,,,,,,,
plain-0-20220516-01:35:53-22224,attr,Scenario.node[32].wlan[0].mac.dcf.channelAccess.pendingQueue,queueLength:timeavg,interpolationmode,sample-hold,,,,,,,,,
plain-0-20220516-01:35:53-22224,attr,Scenario.node[32].wlan[0].mac.dcf.channelAccess.pendingQueue,queueLength:timeavg,source,count(packetPushed) - count(packetPopped) - count(packetRemoved) - count(packetDropped),,,,,,,,,
plain-0-20220516-01:35:53-22224,attr,Scenario.node[32].wlan[0].mac.dcf.channelAccess.pendingQueue,queueLength:timeavg,title,"queue length, timeavg",,,,,,,,,
plain-0-20220516-01:35:53-22224,scalar,Scenario.node[32].wlan[0].mac.dcf.channelAccess.pendingQueue,packetPushed:count,,,0,,,,,,,,
plain-0-20220516-01:35:53-22224,attr,Scenario.node[32].wlan[0].mac.dcf.channelAccess.pendingQueue,packetPushed:count,interpolationmode,none,,,,,,,,,
plain-0-20220516-01:35:53-22224,attr,Scenario.node[32].wlan[0].mac.dcf.channelAccess.pendingQueue,packetPushed:count,title,"packet pushed, count",,,,,,,,,
plain-0-20220516-01:35:53-22224,scalar,Scenario.node[32].wlan[0].mac.dcf.channelAccess.pendingQueue,packetPushed:sum(packetBytes),,,0,,,,,,,,
plain-0-20220516-01:35:53-22224,attr,Scenario.node[32].wlan[0].mac.dcf.channelAccess.pendingQueue,packetPushed:sum(packetBytes),interpolationmode,none,,,,,,,,,
plain-0-20220516-01:35:53-22224,attr,Scenario.node[32].wlan[0].mac.dcf.channelAccess.pendingQueue,packetPushed:sum(packetBytes),title,"packet pushed, sum(packetBytes)",,,,,,,,,
plain-0-20220516-01:35:53-22224,scalar,Scenario.node[32].wlan[0].mac.dcf.channelAccess.pendingQueue,packetDropQueueOverflow:count,,,0,,,,,,,,
plain-0-20220516-01:35:53-22224,attr,Scenario.node[32].wlan[0].mac.dcf.channelAccess.pendingQueue,packetDropQueueOverflow:count,interpolationmode,none,,,,,,,,,
plain-0-20220516-01:35:53-22224,attr,Scenario.node[32].wlan[0].mac.dcf.channelAccess.pendingQueue,packetDropQueueOverflow:count,source,packetDropReasonIsQueueOverflow(packetDropped),,,,,,,,,
plain-0-20220516-01:35:53-22224,attr,Scenario.node[32].wlan[0].mac.dcf.channelAccess.pendingQueue,packetDropQueueOverflow:count,title,"packet drops: queue overflow, count",,,,,,,,,
plain-0-20220516-01:35:53-22224,scalar,Scenario.node[32].wlan[0].mac.dcf.channelAccess.pendingQueue,packetDropQueueOverflow:sum(packetBytes),,,0,,,,,,,,
plain-0-20220516-01:35:53-22224,attr,Scenario.node[32].wlan[0].mac.dcf.channelAccess.pendingQueue,packetDropQueueOverflow:sum(packetBytes),interpolationmode,none,,,,,,,,,
plain-0-20220516-01:35:53-22224,attr,Scenario.node[32].wlan[0].mac.dcf.channelAccess.pendingQueue,packetDropQueueOverflow:sum(packetBytes),source,packetDropReasonIsQueueOverflow(packetDropped),,,,,,,,,
plain-0-20220516-01:35:53-22224,attr,Scenario.node[32].wlan[0].mac.dcf.channelAccess.pendingQueue,packetDropQueueOverflow:sum(packetBytes),title,"packet drops: queue overflow, sum(packetBytes)",,,,,,,,,
plain-0-20220516-01:35:53-22224,scalar,Scenario.node[32].wlan[0].mac.dcf.channelAccess.pendingQueue,packetRemoved:count,,,0,,,,,,,,
plain-0-20220516-01:35:53-22224,attr,Scenario.node[32].wlan[0].mac.dcf.channelAccess.pendingQueue,packetRemoved:count,interpolationmode,none,,,,,,,,,
plain-0-20220516-01:35:53-22224,attr,Scenario.node[32].wlan[0].mac.dcf.channelAccess.pendingQueue,packetRemoved:count,title,"packets removed, count",,,,,,,,,
plain-0-20220516-01:35:53-22224,scalar,Scenario.node[32].wlan[0].mac.dcf.channelAccess.pendingQueue,packetRemoved:sum(packetBytes),,,0,,,,,,,,
plain-0-20220516-01:35:53-22224,attr,Scenario.node[32].wlan[0].mac.dcf.channelAccess.pendingQueue,packetRemoved:sum(packetBytes),interpolationmode,none,,,,,,,,,
plain-0-20220516-01:35:53-22224,attr,Scenario.node[32].wlan[0].mac.dcf.channelAccess.pendingQueue,packetRemoved:sum(packetBytes),title,"packets removed, sum(packetBytes)",,,,,,,,,
plain-0-20220516-01:35:53-22224,scalar,Scenario.node[32].wlan[0].mac.dcf.channelAccess.inProgressFrames,queueLength:max,,,NaN,,,,,,,,
plain-0-20220516-01:35:53-22224,attr,Scenario.node[32].wlan[0].mac.dcf.channelAccess.inProgressFrames,queueLength:max,interpolationmode,sample-hold,,,,,,,,,
plain-0-20220516-01:35:53-22224,attr,Scenario.node[32].wlan[0].mac.dcf.channelAccess.inProgressFrames,queueLength:max,source,count(packetEnqueued) - count(packetDequeued),,,,,,,,,
plain-0-20220516-01:35:53-22224,attr,Scenario.node[32].wlan[0].mac.dcf.channelAccess.inProgressFrames,queueLength:max,title,"queue length, max",,,,,,,,,
plain-0-20220516-01:35:53-22224,scalar,Scenario.node[32].wlan[0].mac.dcf.channelAccess.inProgressFrames,queueLength:timeavg,,,NaN,,,,,,,,
plain-0-20220516-01:35:53-22224,attr,Scenario.node[32].wlan[0].mac.dcf.channelAccess.inProgressFrames,queueLength:timeavg,interpolationmode,sample-hold,,,,,,,,,
plain-0-20220516-01:35:53-22224,attr,Scenario.node[32].wlan[0].mac.dcf.channelAccess.inProgressFrames,queueLength:timeavg,source,count(packetEnqueued) - count(packetDequeued),,,,,,,,,
plain-0-20220516-01:35:53-22224,attr,Scenario.node[32].wlan[0].mac.dcf.channelAccess.inProgressFrames,queueLength:timeavg,title,"queue length, timeavg",,,,,,,,,
plain-0-20220516-01:35:53-22224,scalar,Scenario.node[32].wlan[0].mac.dcf.channelAccess.contention,channelAccessGranted:count,,,0,,,,,,,,
plain-0-20220516-01:35:53-22224,attr,Scenario.node[32].wlan[0].mac.dcf.channelAccess.contention,channelAccessGranted:count,title,"channel access granted, count",,,,,,,,,
plain-0-20220516-01:35:53-22224,scalar,Scenario.node[32].wlan[0].mac.dcf.channelAccess.contention,stateChanged:count,,,2,,,,,,,,
plain-0-20220516-01:35:53-22224,attr,Scenario.node[32].wlan[0].mac.dcf.channelAccess.contention,stateChanged:count,interpolationmode,none,,,,,,,,,
plain-0-20220516-01:35:53-22224,attr,Scenario.node[32].wlan[0].mac.dcf.channelAccess.contention,stateChanged:count,title,"contention state changed, count",,,,,,,,,
plain-0-20220516-01:35:53-22224,scalar,Scenario.node[32].wlan[0].mac.dcf.channelAccess,channelOwnershipChanged:count,,,0,,,,,,,,
plain-0-20220516-01:35:53-22224,attr,Scenario.node[32].wlan[0].mac.dcf.channelAccess,channelOwnershipChanged:count,interpolationmode,sample-hold,,,,,,,,,
plain-0-20220516-01:35:53-22224,attr,Scenario.node[32].wlan[0].mac.dcf.channelAccess,channelOwnershipChanged:count,title,"channel ownership, count",,,,,,,,,
plain-0-20220516-01:35:53-22224,scalar,Scenario.node[32].wlan[0].mac.dcf.originatorMacDataService,packetAggregated:count,,,0,,,,,,,,
plain-0-20220516-01:35:53-22224,attr,Scenario.node[32].wlan[0].mac.dcf.originatorMacDataService,packetAggregated:count,title,"packets aggregated, count",,,,,,,,,
plain-0-20220516-01:35:53-22224,scalar,Scenario.node[32].wlan[0].mac.dcf.originatorMacDataService,packetFragmented:count,,,0,,,,,,,,
plain-0-20220516-01:35:53-22224,attr,Scenario.node[32].wlan[0].mac.dcf.originatorMacDataService,packetFragmented:count,title,"packets fragmented, count",,,,,,,,,
plain-0-20220516-01:35:53-22224,scalar,Scenario.node[32].wlan[0].mac.dcf.recipientMacDataService,packetDeaggregated:count,,,0,,,,,,,,
plain-0-20220516-01:35:53-22224,attr,Scenario.node[32].wlan[0].mac.dcf.recipientMacDataService,packetDeaggregated:count,title,"packets deaggregated, count",,,,,,,,,
plain-0-20220516-01:35:53-22224,scalar,Scenario.node[32].wlan[0].mac.dcf.recipientMacDataService,packetDefragmented:count,,,0,,,,,,,,
plain-0-20220516-01:35:53-22224,attr,Scenario.node[32].wlan[0].mac.dcf.recipientMacDataService,packetDefragmented:count,title,"packets defragmented, count",,,,,,,,,
plain-0-20220516-01:35:53-22224,scalar,Scenario.node[32].wlan[0].mac.dcf.recipientMacDataService,packetDropDuplicateDetected:count,,,0,,,,,,,,
plain-0-20220516-01:35:53-22224,attr,Scenario.node[32].wlan[0].mac.dcf.recipientMacDataService,packetDropDuplicateDetected:count,interpolationmode,none,,,,,,,,,
plain-0-20220516-01:35:53-22224,attr,Scenario.node[32].wlan[0].mac.dcf.recipientMacDataService,packetDropDuplicateDetected:count,source,packetDropReasonIsDuplicateDetected(packetDropped),,,,,,,,,
plain-0-20220516-01:35:53-22224,attr,Scenario.node[32].wlan[0].mac.dcf.recipientMacDataService,packetDropDuplicateDetected:count,title,"packet drops: duplicate detected, count",,,,,,,,,
plain-0-20220516-01:35:53-22224,scalar,Scenario.node[32].wlan[0].mac.dcf.recipientMacDataService,packetDropDuplicateDetected:sum(packetBytes),,,0,,,,,,,,
plain-0-20220516-01:35:53-22224,attr,Scenario.node[32].wlan[0].mac.dcf.recipientMacDataService,packetDropDuplicateDetected:sum(packetBytes),interpolationmode,none,,,,,,,,,
plain-0-20220516-01:35:53-22224,attr,Scenario.node[32].wlan[0].mac.dcf.recipientMacDataService,packetDropDuplicateDetected:sum(packetBytes),source,packetDropReasonIsDuplicateDetected(packetDropped),,,,,,,,,
plain-0-20220516-01:35:53-22224,attr,Scenario.node[32].wlan[0].mac.dcf.recipientMacDataService,packetDropDuplicateDetected:sum(packetBytes),title,"packet drops: duplicate detected, sum(packetBytes)",,,,,,,,,
plain-0-20220516-01:35:53-22224,scalar,Scenario.node[32].wlan[0].mac.dcf.recoveryProcedure,retryLimitReached:count,,,0,,,,,,,,
plain-0-20220516-01:35:53-22224,attr,Scenario.node[32].wlan[0].mac.dcf.recoveryProcedure,retryLimitReached:count,title,"retry limit reached, count",,,,,,,,,
plain-0-20220516-01:35:53-22224,scalar,Scenario.node[32].wlan[0].mac.dcf,frameSequenceFinished:count,,,0,,,,,,,,
plain-0-20220516-01:35:53-22224,attr,Scenario.node[32].wlan[0].mac.dcf,frameSequenceFinished:count,title,"finished frame sequences, count",,,,,,,,,
plain-0-20220516-01:35:53-22224,scalar,Scenario.node[32].wlan[0].mac.dcf,packetReceivedFromPeer:count,,,0,,,,,,,,
plain-0-20220516-01:35:53-22224,attr,Scenario.node[32].wlan[0].mac.dcf,packetReceivedFromPeer:count,interpolationmode,none,,,,,,,,,
plain-0-20220516-01:35:53-22224,attr,Scenario.node[32].wlan[0].mac.dcf,packetReceivedFromPeer:count,title,"packets received, count",,,,,,,,,
plain-0-20220516-01:35:53-22224,scalar,Scenario.node[32].wlan[0].mac.dcf,packetReceivedFromPeer:sum(packetBytes),,,0,,,,,,,,
plain-0-20220516-01:35:53-22224,attr,Scenario.node[32].wlan[0].mac.dcf,packetReceivedFromPeer:sum(packetBytes),interpolationmode,none,,,,,,,,,
plain-0-20220516-01:35:53-22224,attr,Scenario.node[32].wlan[0].mac.dcf,packetReceivedFromPeer:sum(packetBytes),title,"packets received, sum(packetBytes)",,,,,,,,,
plain-0-20220516-01:35:53-22224,scalar,Scenario.node[32].wlan[0].mac.dcf,packetReceivedFromPeerUnicast:count,,,0,,,,,,,,
plain-0-20220516-01:35:53-22224,attr,Scenario.node[32].wlan[0].mac.dcf,packetReceivedFromPeerUnicast:count,interpolationmode,none,,,,,,,,,
plain-0-20220516-01:35:53-22224,attr,Scenario.node[32].wlan[0].mac.dcf,packetReceivedFromPeerUnicast:count,source,ieee80211Unicast(packetReceivedFromPeer),,,,,,,,,
plain-0-20220516-01:35:53-22224,attr,Scenario.node[32].wlan[0].mac.dcf,packetReceivedFromPeerUnicast:count,title,"packets received: unicast, count",,,,,,,,,
plain-0-20220516-01:35:53-22224,scalar,Scenario.node[32].wlan[0].mac.dcf,packetReceivedFromPeerUnicast:sum(packetBytes),,,0,,,,,,,,
plain-0-20220516-01:35:53-22224,attr,Scenario.node[32].wlan[0].mac.dcf,packetReceivedFromPeerUnicast:sum(packetBytes),interpolationmode,none,,,,,,,,,
plain-0-20220516-01:35:53-22224,attr,Scenario.node[32].wlan[0].mac.dcf,packetReceivedFromPeerUnicast:sum(packetBytes),source,ieee80211Unicast(packetReceivedFromPeer),,,,,,,,,
plain-0-20220516-01:35:53-22224,attr,Scenario.node[32].wlan[0].mac.dcf,packetReceivedFromPeerUnicast:sum(packetBytes),title,"packets received: unicast, sum(packetBytes)",,,,,,,,,
plain-0-20220516-01:35:53-22224,scalar,Scenario.node[32].wlan[0].mac.dcf,packetReceivedFromPeerMulticast:count,,,0,,,,,,,,
plain-0-20220516-01:35:53-22224,attr,Scenario.node[32].wlan[0].mac.dcf,packetReceivedFromPeerMulticast:count,interpolationmode,none,,,,,,,,,
plain-0-20220516-01:35:53-22224,attr,Scenario.node[32].wlan[0].mac.dcf,packetReceivedFromPeerMulticast:count,source,ieee80211Multicast(packetReceivedFromPeer),,,,,,,,,
plain-0-20220516-01:35:53-22224,attr,Scenario.node[32].wlan[0].mac.dcf,packetReceivedFromPeerMulticast:count,title,"packets received: multicast, count",,,,,,,,,
plain-0-20220516-01:35:53-22224,scalar,Scenario.node[32].wlan[0].mac.dcf,packetReceivedFromPeerMulticast:sum(packetBytes),,,0,,,,,,,,
plain-0-20220516-01:35:53-22224,attr,Scenario.node[32].wlan[0].mac.dcf,packetReceivedFromPeerMulticast:sum(packetBytes),interpolationmode,none,,,,,,,,,
plain-0-20220516-01:35:53-22224,attr,Scenario.node[32].wlan[0].mac.dcf,packetReceivedFromPeerMulticast:sum(packetBytes),source,ieee80211Multicast(packetReceivedFromPeer),,,,,,,,,
plain-0-20220516-01:35:53-22224,attr,Scenario.node[32].wlan[0].mac.dcf,packetReceivedFromPeerMulticast:sum(packetBytes),title,"packets received: multicast, sum(packetBytes)",,,,,,,,,
plain-0-20220516-01:35:53-22224,scalar,Scenario.node[32].wlan[0].mac.dcf,packetReceivedFromPeerBroadcast:count,,,0,,,,,,,,
plain-0-20220516-01:35:53-22224,attr,Scenario.node[32].wlan[0].mac.dcf,packetReceivedFromPeerBroadcast:count,interpolationmode,none,,,,,,,,,
plain-0-20220516-01:35:53-22224,attr,Scenario.node[32].wlan[0].mac.dcf,packetReceivedFromPeerBroadcast:count,source,ieee80211Broadcast(packetReceivedFromPeer),,,,,,,,,
plain-0-20220516-01:35:53-22224,attr,Scenario.node[32].wlan[0].mac.dcf,packetReceivedFromPeerBroadcast:count,title,"packets received: broadcast, count",,,,,,,,,
plain-0-20220516-01:35:53-22224,scalar,Scenario.node[32].wlan[0].mac.dcf,packetReceivedFromPeerBroadcast:sum(packetBytes),,,0,,,,,,,,
plain-0-20220516-01:35:53-22224,attr,Scenario.node[32].wlan[0].mac.dcf,packetReceivedFromPeerBroadcast:sum(packetBytes),interpolationmode,none,,,,,,,,,
plain-0-20220516-01:35:53-22224,attr,Scenario.node[32].wlan[0].mac.dcf,packetReceivedFromPeerBroadcast:sum(packetBytes),source,ieee80211Broadcast(packetReceivedFromPeer),,,,,,,,,
plain-0-20220516-01:35:53-22224,attr,Scenario.node[32].wlan[0].mac.dcf,packetReceivedFromPeerBroadcast:sum(packetBytes),title,"packets received: broadcast, sum(packetBytes)",,,,,,,,,
plain-0-20220516-01:35:53-22224,scalar,Scenario.node[32].wlan[0].mac.dcf,packetReceivedFromPeerWithRetry:count,,,0,,,,,,,,
plain-0-20220516-01:35:53-22224,attr,Scenario.node[32].wlan[0].mac.dcf,packetReceivedFromPeerWithRetry:count,interpolationmode,none,,,,,,,,,
plain-0-20220516-01:35:53-22224,attr,Scenario.node[32].wlan[0].mac.dcf,packetReceivedFromPeerWithRetry:count,source,ieee80211Retry(packetReceivedFromPeer),,,,,,,,,
plain-0-20220516-01:35:53-22224,attr,Scenario.node[32].wlan[0].mac.dcf,packetReceivedFromPeerWithRetry:count,title,"packets received: with retry, count",,,,,,,,,
plain-0-20220516-01:35:53-22224,scalar,Scenario.node[32].wlan[0].mac.dcf,packetReceivedFromPeerWithRetry:sum(packetBytes),,,0,,,,,,,,
plain-0-20220516-01:35:53-22224,attr,Scenario.node[32].wlan[0].mac.dcf,packetReceivedFromPeerWithRetry:sum(packetBytes),interpolationmode,none,,,,,,,,,
plain-0-20220516-01:35:53-22224,attr,Scenario.node[32].wlan[0].mac.dcf,packetReceivedFromPeerWithRetry:sum(packetBytes),source,ieee80211Retry(packetReceivedFromPeer),,,,,,,,,
plain-0-20220516-01:35:53-22224,attr,Scenario.node[32].wlan[0].mac.dcf,packetReceivedFromPeerWithRetry:sum(packetBytes),title,"packets received: with retry, sum(packetBytes)",,,,,,,,,
plain-0-20220516-01:35:53-22224,scalar,Scenario.node[32].wlan[0].mac.dcf,packetReceivedFromPeerWithoutRetry:count,,,0,,,,,,,,
plain-0-20220516-01:35:53-22224,attr,Scenario.node[32].wlan[0].mac.dcf,packetReceivedFromPeerWithoutRetry:count,interpolationmode,none,,,,,,,,,
plain-0-20220516-01:35:53-22224,attr,Scenario.node[32].wlan[0].mac.dcf,packetReceivedFromPeerWithoutRetry:count,source,ieee80211NotRetry(packetReceivedFromPeer),,,,,,,,,
plain-0-20220516-01:35:53-22224,attr,Scenario.node[32].wlan[0].mac.dcf,packetReceivedFromPeerWithoutRetry:count,title,"packets received: without retry, count",,,,,,,,,
plain-0-20220516-01:35:53-22224,scalar,Scenario.node[32].wlan[0].mac.dcf,packetReceivedFromPeerWithoutRetry:sum(packetBytes),,,0,,,,,,,,
plain-0-20220516-01:35:53-22224,attr,Scenario.node[32].wlan[0].mac.dcf,packetReceivedFromPeerWithoutRetry:sum(packetBytes),interpolationmode,none,,,,,,,,,
plain-0-20220516-01:35:53-22224,attr,Scenario.node[32].wlan[0].mac.dcf,packetReceivedFromPeerWithoutRetry:sum(packetBytes),source,ieee80211NotRetry(packetReceivedFromPeer),,,,,,,,,
plain-0-20220516-01:35:53-22224,attr,Scenario.node[32].wlan[0].mac.dcf,packetReceivedFromPeerWithoutRetry:sum(packetBytes),title,"packets received: without retry, sum(packetBytes)",,,,,,,,,
plain-0-20220516-01:35:53-22224,scalar,Scenario.node[32].wlan[0].mac.dcf,packetSentToPeer:count,,,0,,,,,,,,
plain-0-20220516-01:35:53-22224,attr,Scenario.node[32].wlan[0].mac.dcf,packetSentToPeer:count,interpolationmode,none,,,,,,,,,
plain-0-20220516-01:35:53-22224,attr,Scenario.node[32].wlan[0].mac.dcf,packetSentToPeer:count,title,"packets sent, count",,,,,,,,,
plain-0-20220516-01:35:53-22224,scalar,Scenario.node[32].wlan[0].mac.dcf,packetSentToPeer:sum(packetBytes),,,0,,,,,,,,
plain-0-20220516-01:35:53-22224,attr,Scenario.node[32].wlan[0].mac.dcf,packetSentToPeer:sum(packetBytes),interpolationmode,none,,,,,,,,,
plain-0-20220516-01:35:53-22224,attr,Scenario.node[32].wlan[0].mac.dcf,packetSentToPeer:sum(packetBytes),title,"packets sent, sum(packetBytes)",,,,,,,,,
plain-0-20220516-01:35:53-22224,scalar,Scenario.node[32].wlan[0].mac.dcf,packetSentToPeerUnicast:count,,,0,,,,,,,,
plain-0-20220516-01:35:53-22224,attr,Scenario.node[32].wlan[0].mac.dcf,packetSentToPeerUnicast:count,interpolationmode,none,,,,,,,,,
plain-0-20220516-01:35:53-22224,attr,Scenario.node[32].wlan[0].mac.dcf,packetSentToPeerUnicast:count,source,ieee80211Unicast(packetSentToPeer),,,,,,,,,
plain-0-20220516-01:35:53-22224,attr,Scenario.node[32].wlan[0].mac.dcf,packetSentToPeerUnicast:count,title,"packets sent: unicast, count",,,,,,,,,
plain-0-20220516-01:35:53-22224,scalar,Scenario.node[32].wlan[0].mac.dcf,packetSentToPeerUnicast:sum(packetBytes),,,0,,,,,,,,
plain-0-20220516-01:35:53-22224,attr,Scenario.node[32].wlan[0].mac.dcf,packetSentToPeerUnicast:sum(packetBytes),interpolationmode,none,,,,,,,,,
plain-0-20220516-01:35:53-22224,attr,Scenario.node[32].wlan[0].mac.dcf,packetSentToPeerUnicast:sum(packetBytes),source,ieee80211Unicast(packetSentToPeer),,,,,,,,,
plain-0-20220516-01:35:53-22224,attr,Scenario.node[32].wlan[0].mac.dcf,packetSentToPeerUnicast:sum(packetBytes),title,"packets sent: unicast, sum(packetBytes)",,,,,,,,,
plain-0-20220516-01:35:53-22224,scalar,Scenario.node[32].wlan[0].mac.dcf,packetSentToPeerMulticast:count,,,0,,,,,,,,
plain-0-20220516-01:35:53-22224,attr,Scenario.node[32].wlan[0].mac.dcf,packetSentToPeerMulticast:count,interpolationmode,none,,,,,,,,,
plain-0-20220516-01:35:53-22224,attr,Scenario.node[32].wlan[0].mac.dcf,packetSentToPeerMulticast:count,source,ieee80211Multicast(packetSentToPeer),,,,,,,,,
plain-0-20220516-01:35:53-22224,attr,Scenario.node[32].wlan[0].mac.dcf,packetSentToPeerMulticast:count,title,"packets sent: multicast, count",,,,,,,,,
plain-0-20220516-01:35:53-22224,scalar,Scenario.node[32].wlan[0].mac.dcf,packetSentToPeerMulticast:sum(packetBytes),,,0,,,,,,,,
plain-0-20220516-01:35:53-22224,attr,Scenario.node[32].wlan[0].mac.dcf,packetSentToPeerMulticast:sum(packetBytes),interpolationmode,none,,,,,,,,,
plain-0-20220516-01:35:53-22224,attr,Scenario.node[32].wlan[0].mac.dcf,packetSentToPeerMulticast:sum(packetBytes),source,ieee80211Multicast(packetSentToPeer),,,,,,,,,
plain-0-20220516-01:35:53-22224,attr,Scenario.node[32].wlan[0].mac.dcf,packetSentToPeerMulticast:sum(packetBytes),title,"packets sent: multicast, sum(packetBytes)",,,,,,,,,
plain-0-20220516-01:35:53-22224,scalar,Scenario.node[32].wlan[0].mac.dcf,packetSentToPeerBroadcast:count,,,0,,,,,,,,
plain-0-20220516-01:35:53-22224,attr,Scenario.node[32].wlan[0].mac.dcf,packetSentToPeerBroadcast:count,interpolationmode,none,,,,,,,,,
plain-0-20220516-01:35:53-22224,attr,Scenario.node[32].wlan[0].mac.dcf,packetSentToPeerBroadcast:count,source,ieee80211Broadcast(packetSentToPeer),,,,,,,,,
plain-0-20220516-01:35:53-22224,attr,Scenario.node[32].wlan[0].mac.dcf,packetSentToPeerBroadcast:count,title,"packets sent: broadcast , count",,,,,,,,,
plain-0-20220516-01:35:53-22224,scalar,Scenario.node[32].wlan[0].mac.dcf,packetSentToPeerBroadcast:sum(packetBytes),,,0,,,,,,,,
plain-0-20220516-01:35:53-22224,attr,Scenario.node[32].wlan[0].mac.dcf,packetSentToPeerBroadcast:sum(packetBytes),interpolationmode,none,,,,,,,,,
plain-0-20220516-01:35:53-22224,attr,Scenario.node[32].wlan[0].mac.dcf,packetSentToPeerBroadcast:sum(packetBytes),source,ieee80211Broadcast(packetSentToPeer),,,,,,,,,
plain-0-20220516-01:35:53-22224,attr,Scenario.node[32].wlan[0].mac.dcf,packetSentToPeerBroadcast:sum(packetBytes),title,"packets sent: broadcast , sum(packetBytes)",,,,,,,,,
plain-0-20220516-01:35:53-22224,scalar,Scenario.node[32].wlan[0].mac.dcf,packetSentToPeerWithRetry:count,,,0,,,,,,,,
plain-0-20220516-01:35:53-22224,attr,Scenario.node[32].wlan[0].mac.dcf,packetSentToPeerWithRetry:count,interpolationmode,none,,,,,,,,,
plain-0-20220516-01:35:53-22224,attr,Scenario.node[32].wlan[0].mac.dcf,packetSentToPeerWithRetry:count,source,ieee80211Retry(packetSentToPeer),,,,,,,,,
plain-0-20220516-01:35:53-22224,attr,Scenario.node[32].wlan[0].mac.dcf,packetSentToPeerWithRetry:count,title,"packets sent: with retry, count",,,,,,,,,
plain-0-20220516-01:35:53-22224,scalar,Scenario.node[32].wlan[0].mac.dcf,packetSentToPeerWithRetry:sum(packetBytes),,,0,,,,,,,,
plain-0-20220516-01:35:53-22224,attr,Scenario.node[32].wlan[0].mac.dcf,packetSentToPeerWithRetry:sum(packetBytes),interpolationmode,none,,,,,,,,,
plain-0-20220516-01:35:53-22224,attr,Scenario.node[32].wlan[0].mac.dcf,packetSentToPeerWithRetry:sum(packetBytes),source,ieee80211Retry(packetSentToPeer),,,,,,,,,
plain-0-20220516-01:35:53-22224,attr,Scenario.node[32].wlan[0].mac.dcf,packetSentToPeerWithRetry:sum(packetBytes),title,"packets sent: with retry, sum(packetBytes)",,,,,,,,,
plain-0-20220516-01:35:53-22224,scalar,Scenario.node[32].wlan[0].mac.dcf,packetSentToPeerWithoutRetry:count,,,0,,,,,,,,
plain-0-20220516-01:35:53-22224,attr,Scenario.node[32].wlan[0].mac.dcf,packetSentToPeerWithoutRetry:count,interpolationmode,none,,,,,,,,,
plain-0-20220516-01:35:53-22224,attr,Scenario.node[32].wlan[0].mac.dcf,packetSentToPeerWithoutRetry:count,source,ieee80211NotRetry(packetSentToPeer),,,,,,,,,
plain-0-20220516-01:35:53-22224,attr,Scenario.node[32].wlan[0].mac.dcf,packetSentToPeerWithoutRetry:count,title,"packets sent: without retry, count",,,,,,,,,
plain-0-20220516-01:35:53-22224,scalar,Scenario.node[32].wlan[0].mac.dcf,packetSentToPeerWithoutRetry:sum(packetBytes),,,0,,,,,,,,
plain-0-20220516-01:35:53-22224,attr,Scenario.node[32].wlan[0].mac.dcf,packetSentToPeerWithoutRetry:sum(packetBytes),interpolationmode,none,,,,,,,,,
plain-0-20220516-01:35:53-22224,attr,Scenario.node[32].wlan[0].mac.dcf,packetSentToPeerWithoutRetry:sum(packetBytes),source,ieee80211NotRetry(packetSentToPeer),,,,,,,,,
plain-0-20220516-01:35:53-22224,attr,Scenario.node[32].wlan[0].mac.dcf,packetSentToPeerWithoutRetry:sum(packetBytes),title,"packets sent: without retry, sum(packetBytes)",,,,,,,,,
plain-0-20220516-01:35:53-22224,scalar,Scenario.node[32].wlan[0].mac.dcf,packetDrop:count,,,0,,,,,,,,
plain-0-20220516-01:35:53-22224,attr,Scenario.node[32].wlan[0].mac.dcf,packetDrop:count,interpolationmode,none,,,,,,,,,
plain-0-20220516-01:35:53-22224,attr,Scenario.node[32].wlan[0].mac.dcf,packetDrop:count,source,packetDropped,,,,,,,,,
plain-0-20220516-01:35:53-22224,attr,Scenario.node[32].wlan[0].mac.dcf,packetDrop:count,title,"packet drops, count",,,,,,,,,
plain-0-20220516-01:35:53-22224,scalar,Scenario.node[32].wlan[0].mac.dcf,packetDrop:sum(packetBytes),,,0,,,,,,,,
plain-0-20220516-01:35:53-22224,attr,Scenario.node[32].wlan[0].mac.dcf,packetDrop:sum(packetBytes),interpolationmode,none,,,,,,,,,
plain-0-20220516-01:35:53-22224,attr,Scenario.node[32].wlan[0].mac.dcf,packetDrop:sum(packetBytes),source,packetDropped,,,,,,,,,
plain-0-20220516-01:35:53-22224,attr,Scenario.node[32].wlan[0].mac.dcf,packetDrop:sum(packetBytes),title,"packet drops, sum(packetBytes)",,,,,,,,,
plain-0-20220516-01:35:53-22224,scalar,Scenario.node[32].wlan[0].mac.dcf,packetDropNotAddressedToUs:count,,,0,,,,,,,,
plain-0-20220516-01:35:53-22224,attr,Scenario.node[32].wlan[0].mac.dcf,packetDropNotAddressedToUs:count,interpolationmode,none,,,,,,,,,
plain-0-20220516-01:35:53-22224,attr,Scenario.node[32].wlan[0].mac.dcf,packetDropNotAddressedToUs:count,source,packetDropReasonIsNotAddressedToUs(packetDropped),,,,,,,,,
plain-0-20220516-01:35:53-22224,attr,Scenario.node[32].wlan[0].mac.dcf,packetDropNotAddressedToUs:count,title,"packet drops: not addressed to us, count",,,,,,,,,
plain-0-20220516-01:35:53-22224,scalar,Scenario.node[32].wlan[0].mac.dcf,packetDropNotAddressedToUs:sum(packetBytes),,,0,,,,,,,,
plain-0-20220516-01:35:53-22224,attr,Scenario.node[32].wlan[0].mac.dcf,packetDropNotAddressedToUs:sum(packetBytes),interpolationmode,none,,,,,,,,,
plain-0-20220516-01:35:53-22224,attr,Scenario.node[32].wlan[0].mac.dcf,packetDropNotAddressedToUs:sum(packetBytes),source,packetDropReasonIsNotAddressedToUs(packetDropped),,,,,,,,,
plain-0-20220516-01:35:53-22224,attr,Scenario.node[32].wlan[0].mac.dcf,packetDropNotAddressedToUs:sum(packetBytes),title,"packet drops: not addressed to us, sum(packetBytes)",,,,,,,,,
plain-0-20220516-01:35:53-22224,scalar,Scenario.node[32].wlan[0].mac.dcf,packetDropQueueOverflow:count,,,0,,,,,,,,
plain-0-20220516-01:35:53-22224,attr,Scenario.node[32].wlan[0].mac.dcf,packetDropQueueOverflow:count,interpolationmode,none,,,,,,,,,
plain-0-20220516-01:35:53-22224,attr,Scenario.node[32].wlan[0].mac.dcf,packetDropQueueOverflow:count,source,packetDropReasonIsQueueOverflow(packetDropped),,,,,,,,,
plain-0-20220516-01:35:53-22224,attr,Scenario.node[32].wlan[0].mac.dcf,packetDropQueueOverflow:count,title,"packet drops: queue overflow, count",,,,,,,,,
plain-0-20220516-01:35:53-22224,scalar,Scenario.node[32].wlan[0].mac.dcf,packetDropQueueOverflow:sum(packetBytes),,,0,,,,,,,,
plain-0-20220516-01:35:53-22224,attr,Scenario.node[32].wlan[0].mac.dcf,packetDropQueueOverflow:sum(packetBytes),interpolationmode,none,,,,,,,,,
plain-0-20220516-01:35:53-22224,attr,Scenario.node[32].wlan[0].mac.dcf,packetDropQueueOverflow:sum(packetBytes),source,packetDropReasonIsQueueOverflow(packetDropped),,,,,,,,,
plain-0-20220516-01:35:53-22224,attr,Scenario.node[32].wlan[0].mac.dcf,packetDropQueueOverflow:sum(packetBytes),title,"packet drops: queue overflow, sum(packetBytes)",,,,,,,,,
plain-0-20220516-01:35:53-22224,scalar,Scenario.node[32].wlan[0].mac.dcf,packetDropRetryLimitReached:count,,,0,,,,,,,,
plain-0-20220516-01:35:53-22224,attr,Scenario.node[32].wlan[0].mac.dcf,packetDropRetryLimitReached:count,interpolationmode,none,,,,,,,,,
plain-0-20220516-01:35:53-22224,attr,Scenario.node[32].wlan[0].mac.dcf,packetDropRetryLimitReached:count,source,packetDropReasonIsRetryLimitReached(packetDropped),,,,,,,,,
plain-0-20220516-01:35:53-22224,attr,Scenario.node[32].wlan[0].mac.dcf,packetDropRetryLimitReached:count,title,"packet drops: retry limit reached, count",,,,,,,,,
plain-0-20220516-01:35:53-22224,scalar,Scenario.node[32].wlan[0].mac.dcf,packetDropRetryLimitReached:sum(packetBytes),,,0,,,,,,,,
plain-0-20220516-01:35:53-22224,attr,Scenario.node[32].wlan[0].mac.dcf,packetDropRetryLimitReached:sum(packetBytes),interpolationmode,none,,,,,,,,,
plain-0-20220516-01:35:53-22224,attr,Scenario.node[32].wlan[0].mac.dcf,packetDropRetryLimitReached:sum(packetBytes),source,packetDropReasonIsRetryLimitReached(packetDropped),,,,,,,,,
plain-0-20220516-01:35:53-22224,attr,Scenario.node[32].wlan[0].mac.dcf,packetDropRetryLimitReached:sum(packetBytes),title,"packet drops: retry limit reached, sum(packetBytes)",,,,,,,,,
plain-0-20220516-01:35:53-22224,scalar,Scenario.node[32].wlan[0].mac.dcf,linkBroken:count,,,0,,,,,,,,
plain-0-20220516-01:35:53-22224,attr,Scenario.node[32].wlan[0].mac.dcf,linkBroken:count,interpolationmode,none,,,,,,,,,
plain-0-20220516-01:35:53-22224,attr,Scenario.node[32].wlan[0].mac.dcf,linkBroken:count,title,"link breaks, count",,,,,,,,,
plain-0-20220516-01:35:53-22224,scalar,Scenario.node[32].wlan[0].mac,packetReceivedFromLower:count,,,0,,,,,,,,
plain-0-20220516-01:35:53-22224,attr,Scenario.node[32].wlan[0].mac,packetReceivedFromLower:count,interpolationmode,none,,,,,,,,,
plain-0-20220516-01:35:53-22224,attr,Scenario.node[32].wlan[0].mac,packetReceivedFromLower:count,title,"packets received from lower layer, count",,,,,,,,,
plain-0-20220516-01:35:53-22224,scalar,Scenario.node[32].wlan[0].mac,packetReceivedFromLower:sum(packetBytes),,,0,,,,,,,,
plain-0-20220516-01:35:53-22224,attr,Scenario.node[32].wlan[0].mac,packetReceivedFromLower:sum(packetBytes),interpolationmode,none,,,,,,,,,
plain-0-20220516-01:35:53-22224,attr,Scenario.node[32].wlan[0].mac,packetReceivedFromLower:sum(packetBytes),title,"packets received from lower layer, sum(packetBytes)",,,,,,,,,
plain-0-20220516-01:35:53-22224,scalar,Scenario.node[32].wlan[0].mac,packetSentToLower:count,,,0,,,,,,,,
plain-0-20220516-01:35:53-22224,attr,Scenario.node[32].wlan[0].mac,packetSentToLower:count,interpolationmode,none,,,,,,,,,
plain-0-20220516-01:35:53-22224,attr,Scenario.node[32].wlan[0].mac,packetSentToLower:count,title,"packets sent to lower layer, count",,,,,,,,,
plain-0-20220516-01:35:53-22224,scalar,Scenario.node[32].wlan[0].mac,packetSentToLower:sum(packetBytes),,,0,,,,,,,,
plain-0-20220516-01:35:53-22224,attr,Scenario.node[32].wlan[0].mac,packetSentToLower:sum(packetBytes),interpolationmode,none,,,,,,,,,
plain-0-20220516-01:35:53-22224,attr,Scenario.node[32].wlan[0].mac,packetSentToLower:sum(packetBytes),title,"packets sent to lower layer, sum(packetBytes)",,,,,,,,,
plain-0-20220516-01:35:53-22224,scalar,Scenario.node[32].wlan[0].mac,packetReceivedFromUpper:count,,,0,,,,,,,,
plain-0-20220516-01:35:53-22224,attr,Scenario.node[32].wlan[0].mac,packetReceivedFromUpper:count,interpolationmode,none,,,,,,,,,
plain-0-20220516-01:35:53-22224,attr,Scenario.node[32].wlan[0].mac,packetReceivedFromUpper:count,title,"packets received from upper layer, count",,,,,,,,,
plain-0-20220516-01:35:53-22224,scalar,Scenario.node[32].wlan[0].mac,packetReceivedFromUpper:sum(packetBytes),,,0,,,,,,,,
plain-0-20220516-01:35:53-22224,attr,Scenario.node[32].wlan[0].mac,packetReceivedFromUpper:sum(packetBytes),interpolationmode,none,,,,,,,,,
plain-0-20220516-01:35:53-22224,attr,Scenario.node[32].wlan[0].mac,packetReceivedFromUpper:sum(packetBytes),title,"packets received from upper layer, sum(packetBytes)",,,,,,,,,
plain-0-20220516-01:35:53-22224,scalar,Scenario.node[32].wlan[0].mac,packetSentToUpper:count,,,0,,,,,,,,
plain-0-20220516-01:35:53-22224,attr,Scenario.node[32].wlan[0].mac,packetSentToUpper:count,interpolationmode,none,,,,,,,,,
plain-0-20220516-01:35:53-22224,attr,Scenario.node[32].wlan[0].mac,packetSentToUpper:count,title,"packets sent to upper layer, count",,,,,,,,,
plain-0-20220516-01:35:53-22224,scalar,Scenario.node[32].wlan[0].mac,packetSentToUpper:sum(packetBytes),,,0,,,,,,,,
plain-0-20220516-01:35:53-22224,attr,Scenario.node[32].wlan[0].mac,packetSentToUpper:sum(packetBytes),interpolationmode,none,,,,,,,,,
plain-0-20220516-01:35:53-22224,attr,Scenario.node[32].wlan[0].mac,packetSentToUpper:sum(packetBytes),title,"packets sent to upper layer, sum(packetBytes)",,,,,,,,,
plain-0-20220516-01:35:53-22224,scalar,Scenario.node[32].wlan[0].mac,packetDrop:count,,,0,,,,,,,,
plain-0-20220516-01:35:53-22224,attr,Scenario.node[32].wlan[0].mac,packetDrop:count,interpolationmode,none,,,,,,,,,
plain-0-20220516-01:35:53-22224,attr,Scenario.node[32].wlan[0].mac,packetDrop:count,source,packetDropped,,,,,,,,,
plain-0-20220516-01:35:53-22224,attr,Scenario.node[32].wlan[0].mac,packetDrop:count,title,"packet drops, count",,,,,,,,,
plain-0-20220516-01:35:53-22224,scalar,Scenario.node[32].wlan[0].mac,packetDrop:sum(packetBytes),,,0,,,,,,,,
plain-0-20220516-01:35:53-22224,attr,Scenario.node[32].wlan[0].mac,packetDrop:sum(packetBytes),interpolationmode,none,,,,,,,,,
plain-0-20220516-01:35:53-22224,attr,Scenario.node[32].wlan[0].mac,packetDrop:sum(packetBytes),source,packetDropped,,,,,,,,,
plain-0-20220516-01:35:53-22224,attr,Scenario.node[32].wlan[0].mac,packetDrop:sum(packetBytes),title,"packet drops, sum(packetBytes)",,,,,,,,,
plain-0-20220516-01:35:53-22224,scalar,Scenario.node[32].wlan[0].mac,packetDropIncorrectlyReceived:count,,,0,,,,,,,,
plain-0-20220516-01:35:53-22224,attr,Scenario.node[32].wlan[0].mac,packetDropIncorrectlyReceived:count,interpolationmode,none,,,,,,,,,
plain-0-20220516-01:35:53-22224,attr,Scenario.node[32].wlan[0].mac,packetDropIncorrectlyReceived:count,source,packetDropReasonIsIncorrectlyReceived(packetDropped),,,,,,,,,
plain-0-20220516-01:35:53-22224,attr,Scenario.node[32].wlan[0].mac,packetDropIncorrectlyReceived:count,title,"packet drops: incorrectly received, count",,,,,,,,,
plain-0-20220516-01:35:53-22224,scalar,Scenario.node[32].wlan[0].mac,packetDropIncorrectlyReceived:sum(packetBytes),,,0,,,,,,,,
plain-0-20220516-01:35:53-22224,attr,Scenario.node[32].wlan[0].mac,packetDropIncorrectlyReceived:sum(packetBytes),interpolationmode,none,,,,,,,,,
plain-0-20220516-01:35:53-22224,attr,Scenario.node[32].wlan[0].mac,packetDropIncorrectlyReceived:sum(packetBytes),source,packetDropReasonIsIncorrectlyReceived(packetDropped),,,,,,,,,
plain-0-20220516-01:35:53-22224,attr,Scenario.node[32].wlan[0].mac,packetDropIncorrectlyReceived:sum(packetBytes),title,"packet drops: incorrectly received, sum(packetBytes)",,,,,,,,,
plain-0-20220516-01:35:53-22224,scalar,Scenario.node[32].wlan[0].mac,packetDropNotAddressedToUs:count,,,0,,,,,,,,
plain-0-20220516-01:35:53-22224,attr,Scenario.node[32].wlan[0].mac,packetDropNotAddressedToUs:count,interpolationmode,none,,,,,,,,,
plain-0-20220516-01:35:53-22224,attr,Scenario.node[32].wlan[0].mac,packetDropNotAddressedToUs:count,source,packetDropReasonIsNotAddressedToUs(packetDropped),,,,,,,,,
plain-0-20220516-01:35:53-22224,attr,Scenario.node[32].wlan[0].mac,packetDropNotAddressedToUs:count,title,"packet drops: not addressed to us, count",,,,,,,,,
plain-0-20220516-01:35:53-22224,scalar,Scenario.node[32].wlan[0].mac,packetDropNotAddressedToUs:sum(packetBytes),,,0,,,,,,,,
plain-0-20220516-01:35:53-22224,attr,Scenario.node[32].wlan[0].mac,packetDropNotAddressedToUs:sum(packetBytes),interpolationmode,none,,,,,,,,,
plain-0-20220516-01:35:53-22224,attr,Scenario.node[32].wlan[0].mac,packetDropNotAddressedToUs:sum(packetBytes),source,packetDropReasonIsNotAddressedToUs(packetDropped),,,,,,,,,
plain-0-20220516-01:35:53-22224,attr,Scenario.node[32].wlan[0].mac,packetDropNotAddressedToUs:sum(packetBytes),title,"packet drops: not addressed to us, sum(packetBytes)",,,,,,,,,
plain-0-20220516-01:35:53-22224,scalar,Scenario.node[32].wlan[0].mac,packetDropQueueOverflow:count,,,0,,,,,,,,
plain-0-20220516-01:35:53-22224,attr,Scenario.node[32].wlan[0].mac,packetDropQueueOverflow:count,interpolationmode,none,,,,,,,,,
plain-0-20220516-01:35:53-22224,attr,Scenario.node[32].wlan[0].mac,packetDropQueueOverflow:count,source,packetDropReasonIsQueueOverflow(packetDropped),,,,,,,,,
plain-0-20220516-01:35:53-22224,attr,Scenario.node[32].wlan[0].mac,packetDropQueueOverflow:count,title,"packet drops: queue overflow, count",,,,,,,,,
plain-0-20220516-01:35:53-22224,scalar,Scenario.node[32].wlan[0].mac,packetDropQueueOverflow:sum(packetBytes),,,0,,,,,,,,
plain-0-20220516-01:35:53-22224,attr,Scenario.node[32].wlan[0].mac,packetDropQueueOverflow:sum(packetBytes),interpolationmode,none,,,,,,,,,
plain-0-20220516-01:35:53-22224,attr,Scenario.node[32].wlan[0].mac,packetDropQueueOverflow:sum(packetBytes),source,packetDropReasonIsQueueOverflow(packetDropped),,,,,,,,,
plain-0-20220516-01:35:53-22224,attr,Scenario.node[32].wlan[0].mac,packetDropQueueOverflow:sum(packetBytes),title,"packet drops: queue overflow, sum(packetBytes)",,,,,,,,,
plain-0-20220516-01:35:53-22224,scalar,Scenario.node[32].wlan[0].mac,packetDropRetryLimitReached:count,,,0,,,,,,,,
plain-0-20220516-01:35:53-22224,attr,Scenario.node[32].wlan[0].mac,packetDropRetryLimitReached:count,interpolationmode,none,,,,,,,,,
plain-0-20220516-01:35:53-22224,attr,Scenario.node[32].wlan[0].mac,packetDropRetryLimitReached:count,source,packetDropReasonIsRetryLimitReached(packetDropped),,,,,,,,,
plain-0-20220516-01:35:53-22224,attr,Scenario.node[32].wlan[0].mac,packetDropRetryLimitReached:count,title,"packet drops: retry limit reached, count",,,,,,,,,
plain-0-20220516-01:35:53-22224,scalar,Scenario.node[32].wlan[0].mac,packetDropRetryLimitReached:sum(packetBytes),,,0,,,,,,,,
plain-0-20220516-01:35:53-22224,attr,Scenario.node[32].wlan[0].mac,packetDropRetryLimitReached:sum(packetBytes),interpolationmode,none,,,,,,,,,
plain-0-20220516-01:35:53-22224,attr,Scenario.node[32].wlan[0].mac,packetDropRetryLimitReached:sum(packetBytes),source,packetDropReasonIsRetryLimitReached(packetDropped),,,,,,,,,
plain-0-20220516-01:35:53-22224,attr,Scenario.node[32].wlan[0].mac,packetDropRetryLimitReached:sum(packetBytes),title,"packet drops: retry limit reached, sum(packetBytes)",,,,,,,,,
plain-0-20220516-01:35:53-22224,scalar,Scenario.node[32].wlan[0].mac,packetDropDuplicateDetected:count,,,0,,,,,,,,
plain-0-20220516-01:35:53-22224,attr,Scenario.node[32].wlan[0].mac,packetDropDuplicateDetected:count,interpolationmode,none,,,,,,,,,
plain-0-20220516-01:35:53-22224,attr,Scenario.node[32].wlan[0].mac,packetDropDuplicateDetected:count,source,packetDropReasonIsDuplicateDetected(packetDropped),,,,,,,,,
plain-0-20220516-01:35:53-22224,attr,Scenario.node[32].wlan[0].mac,packetDropDuplicateDetected:count,title,"packet drops: duplicate detected, count",,,,,,,,,
plain-0-20220516-01:35:53-22224,scalar,Scenario.node[32].wlan[0].mac,packetDropDuplicateDetected:sum(packetBytes),,,0,,,,,,,,
plain-0-20220516-01:35:53-22224,attr,Scenario.node[32].wlan[0].mac,packetDropDuplicateDetected:sum(packetBytes),interpolationmode,none,,,,,,,,,
plain-0-20220516-01:35:53-22224,attr,Scenario.node[32].wlan[0].mac,packetDropDuplicateDetected:sum(packetBytes),source,packetDropReasonIsDuplicateDetected(packetDropped),,,,,,,,,
plain-0-20220516-01:35:53-22224,attr,Scenario.node[32].wlan[0].mac,packetDropDuplicateDetected:sum(packetBytes),title,"packet drops: duplicate detected, sum(packetBytes)",,,,,,,,,
plain-0-20220516-01:35:53-22224,scalar,Scenario.node[32].wlan[0].mac,packetDropOther:count,,,0,,,,,,,,
plain-0-20220516-01:35:53-22224,attr,Scenario.node[32].wlan[0].mac,packetDropOther:count,interpolationmode,none,,,,,,,,,
plain-0-20220516-01:35:53-22224,attr,Scenario.node[32].wlan[0].mac,packetDropOther:count,source,packetDropReasonIsOther(packetDropped),,,,,,,,,
plain-0-20220516-01:35:53-22224,attr,Scenario.node[32].wlan[0].mac,packetDropOther:count,title,"packet drops: other, count",,,,,,,,,
plain-0-20220516-01:35:53-22224,scalar,Scenario.node[32].wlan[0].mac,packetDropOther:sum(packetBytes),,,0,,,,,,,,
plain-0-20220516-01:35:53-22224,attr,Scenario.node[32].wlan[0].mac,packetDropOther:sum(packetBytes),interpolationmode,none,,,,,,,,,
plain-0-20220516-01:35:53-22224,attr,Scenario.node[32].wlan[0].mac,packetDropOther:sum(packetBytes),source,packetDropReasonIsOther(packetDropped),,,,,,,,,
plain-0-20220516-01:35:53-22224,attr,Scenario.node[32].wlan[0].mac,packetDropOther:sum(packetBytes),title,"packet drops: other, sum(packetBytes)",,,,,,,,,
plain-0-20220516-01:35:53-22224,scalar,Scenario.node[32].wlan[0].mac,linkBroken:count,,,0,,,,,,,,
plain-0-20220516-01:35:53-22224,attr,Scenario.node[32].wlan[0].mac,linkBroken:count,interpolationmode,none,,,,,,,,,
plain-0-20220516-01:35:53-22224,attr,Scenario.node[32].wlan[0].mac,linkBroken:count,title,"link breaks, count",,,,,,,,,
plain-0-20220516-01:35:53-22224,scalar,Scenario.node[32].wlan[0].radio,radioMode:count,,,3,,,,,,,,
plain-0-20220516-01:35:53-22224,attr,Scenario.node[32].wlan[0].radio,radioMode:count,interpolationmode,sample-hold,,,,,,,,,
plain-0-20220516-01:35:53-22224,attr,Scenario.node[32].wlan[0].radio,radioMode:count,source,radioModeChanged,,,,,,,,,
plain-0-20220516-01:35:53-22224,attr,Scenario.node[32].wlan[0].radio,radioMode:count,title,"Radio mode, count",,,,,,,,,
plain-0-20220516-01:35:53-22224,scalar,Scenario.node[32].wlan[0].radio,receptionState:count,,,1,,,,,,,,
plain-0-20220516-01:35:53-22224,attr,Scenario.node[32].wlan[0].radio,receptionState:count,interpolationmode,sample-hold,,,,,,,,,
plain-0-20220516-01:35:53-22224,attr,Scenario.node[32].wlan[0].radio,receptionState:count,source,receptionStateChanged,,,,,,,,,
plain-0-20220516-01:35:53-22224,attr,Scenario.node[32].wlan[0].radio,receptionState:count,title,"Radio reception state, count",,,,,,,,,
plain-0-20220516-01:35:53-22224,scalar,Scenario.node[32].wlan[0].radio,transmissionState:count,,,0,,,,,,,,
plain-0-20220516-01:35:53-22224,attr,Scenario.node[32].wlan[0].radio,transmissionState:count,interpolationmode,sample-hold,,,,,,,,,
plain-0-20220516-01:35:53-22224,attr,Scenario.node[32].wlan[0].radio,transmissionState:count,source,transmissionStateChanged,,,,,,,,,
plain-0-20220516-01:35:53-22224,attr,Scenario.node[32].wlan[0].radio,transmissionState:count,title,"Radio transmission state, count",,,,,,,,,
plain-0-20220516-01:35:53-22224,scalar,Scenario.node[32].ipv4.ip,packetDropAddressResolutionFailed:count,,,0,,,,,,,,
plain-0-20220516-01:35:53-22224,attr,Scenario.node[32].ipv4.ip,packetDropAddressResolutionFailed:count,interpolationmode,none,,,,,,,,,
plain-0-20220516-01:35:53-22224,attr,Scenario.node[32].ipv4.ip,packetDropAddressResolutionFailed:count,source,packetDropReasonIsAddressResolutionFailed(packetDropped),,,,,,,,,
plain-0-20220516-01:35:53-22224,attr,Scenario.node[32].ipv4.ip,packetDropAddressResolutionFailed:count,title,"packet drop: address resolution failed, count",,,,,,,,,
plain-0-20220516-01:35:53-22224,scalar,Scenario.node[32].ipv4.ip,packetDropAddressResolutionFailed:sum(packetBytes),,,0,,,,,,,,
plain-0-20220516-01:35:53-22224,attr,Scenario.node[32].ipv4.ip,packetDropAddressResolutionFailed:sum(packetBytes),interpolationmode,none,,,,,,,,,
plain-0-20220516-01:35:53-22224,attr,Scenario.node[32].ipv4.ip,packetDropAddressResolutionFailed:sum(packetBytes),source,packetDropReasonIsAddressResolutionFailed(packetDropped),,,,,,,,,
plain-0-20220516-01:35:53-22224,attr,Scenario.node[32].ipv4.ip,packetDropAddressResolutionFailed:sum(packetBytes),title,"packet drop: address resolution failed, sum(packetBytes)",,,,,,,,,
plain-0-20220516-01:35:53-22224,scalar,Scenario.node[32].ipv4.ip,packetDropHopLimitReached:count,,,0,,,,,,,,
plain-0-20220516-01:35:53-22224,attr,Scenario.node[32].ipv4.ip,packetDropHopLimitReached:count,interpolationmode,none,,,,,,,,,
plain-0-20220516-01:35:53-22224,attr,Scenario.node[32].ipv4.ip,packetDropHopLimitReached:count,source,packetDropReasonIsHopLimitReached(packetDropped),,,,,,,,,
plain-0-20220516-01:35:53-22224,attr,Scenario.node[32].ipv4.ip,packetDropHopLimitReached:count,title,"packet drop: hop limit reached, count",,,,,,,,,
plain-0-20220516-01:35:53-22224,scalar,Scenario.node[32].ipv4.ip,packetDropHopLimitReached:sum(packetBytes),,,0,,,,,,,,
plain-0-20220516-01:35:53-22224,attr,Scenario.node[32].ipv4.ip,packetDropHopLimitReached:sum(packetBytes),interpolationmode,none,,,,,,,,,
plain-0-20220516-01:35:53-22224,attr,Scenario.node[32].ipv4.ip,packetDropHopLimitReached:sum(packetBytes),source,packetDropReasonIsHopLimitReached(packetDropped),,,,,,,,,
plain-0-20220516-01:35:53-22224,attr,Scenario.node[32].ipv4.ip,packetDropHopLimitReached:sum(packetBytes),title,"packet drop: hop limit reached, sum(packetBytes)",,,,,,,,,
plain-0-20220516-01:35:53-22224,scalar,Scenario.node[32].ipv4.ip,packetDropForwardingDisabled:count,,,0,,,,,,,,
plain-0-20220516-01:35:53-22224,attr,Scenario.node[32].ipv4.ip,packetDropForwardingDisabled:count,interpolationmode,none,,,,,,,,,
plain-0-20220516-01:35:53-22224,attr,Scenario.node[32].ipv4.ip,packetDropForwardingDisabled:count,source,packetDropReasonIsForwardingDisabled(packetDropped),,,,,,,,,
plain-0-20220516-01:35:53-22224,attr,Scenario.node[32].ipv4.ip,packetDropForwardingDisabled:count,title,"packet drop: forwarding disabled, count",,,,,,,,,
plain-0-20220516-01:35:53-22224,scalar,Scenario.node[32].ipv4.ip,packetDropForwardingDisabled:sum(packetBytes),,,0,,,,,,,,
plain-0-20220516-01:35:53-22224,attr,Scenario.node[32].ipv4.ip,packetDropForwardingDisabled:sum(packetBytes),interpolationmode,none,,,,,,,,,
plain-0-20220516-01:35:53-22224,attr,Scenario.node[32].ipv4.ip,packetDropForwardingDisabled:sum(packetBytes),source,packetDropReasonIsForwardingDisabled(packetDropped),,,,,,,,,
plain-0-20220516-01:35:53-22224,attr,Scenario.node[32].ipv4.ip,packetDropForwardingDisabled:sum(packetBytes),title,"packet drop: forwarding disabled, sum(packetBytes)",,,,,,,,,
plain-0-20220516-01:35:53-22224,scalar,Scenario.node[32].ipv4.ip,packetDropNoInterfaceFound:count,,,0,,,,,,,,
plain-0-20220516-01:35:53-22224,attr,Scenario.node[32].ipv4.ip,packetDropNoInterfaceFound:count,interpolationmode,none,,,,,,,,,
plain-0-20220516-01:35:53-22224,attr,Scenario.node[32].ipv4.ip,packetDropNoInterfaceFound:count,source,packetDropReasonIsNoInterfaceFound(packetDropped),,,,,,,,,
plain-0-20220516-01:35:53-22224,attr,Scenario.node[32].ipv4.ip,packetDropNoInterfaceFound:count,title,"packet drop: no interface found, count",,,,,,,,,
plain-0-20220516-01:35:53-22224,scalar,Scenario.node[32].ipv4.ip,packetDropNoInterfaceFound:sum(packetBytes),,,0,,,,,,,,
plain-0-20220516-01:35:53-22224,attr,Scenario.node[32].ipv4.ip,packetDropNoInterfaceFound:sum(packetBytes),interpolationmode,none,,,,,,,,,
plain-0-20220516-01:35:53-22224,attr,Scenario.node[32].ipv4.ip,packetDropNoInterfaceFound:sum(packetBytes),source,packetDropReasonIsNoInterfaceFound(packetDropped),,,,,,,,,
plain-0-20220516-01:35:53-22224,attr,Scenario.node[32].ipv4.ip,packetDropNoInterfaceFound:sum(packetBytes),title,"packet drop: no interface found, sum(packetBytes)",,,,,,,,,
plain-0-20220516-01:35:53-22224,scalar,Scenario.node[32].ipv4.ip,packetDropNoRouteFound:count,,,0,,,,,,,,
plain-0-20220516-01:35:53-22224,attr,Scenario.node[32].ipv4.ip,packetDropNoRouteFound:count,interpolationmode,none,,,,,,,,,
plain-0-20220516-01:35:53-22224,attr,Scenario.node[32].ipv4.ip,packetDropNoRouteFound:count,source,packetDropReasonIsNoRouteFound(packetDropped),,,,,,,,,
plain-0-20220516-01:35:53-22224,attr,Scenario.node[32].ipv4.ip,packetDropNoRouteFound:count,title,"packet drop: no route found, count",,,,,,,,,
plain-0-20220516-01:35:53-22224,scalar,Scenario.node[32].ipv4.ip,packetDropNoRouteFound:sum(packetBytes),,,0,,,,,,,,
plain-0-20220516-01:35:53-22224,attr,Scenario.node[32].ipv4.ip,packetDropNoRouteFound:sum(packetBytes),interpolationmode,none,,,,,,,,,
plain-0-20220516-01:35:53-22224,attr,Scenario.node[32].ipv4.ip,packetDropNoRouteFound:sum(packetBytes),source,packetDropReasonIsNoRouteFound(packetDropped),,,,,,,,,
plain-0-20220516-01:35:53-22224,attr,Scenario.node[32].ipv4.ip,packetDropNoRouteFound:sum(packetBytes),title,"packet drop: no route found, sum(packetBytes)",,,,,,,,,
plain-0-20220516-01:35:53-22224,scalar,Scenario.node[32].ipv4.ip,packetDropUndefined:count,,,0,,,,,,,,
plain-0-20220516-01:35:53-22224,attr,Scenario.node[32].ipv4.ip,packetDropUndefined:count,interpolationmode,none,,,,,,,,,
plain-0-20220516-01:35:53-22224,attr,Scenario.node[32].ipv4.ip,packetDropUndefined:count,source,packetDropReasonIsUndefined(packetDropped),,,,,,,,,
plain-0-20220516-01:35:53-22224,attr,Scenario.node[32].ipv4.ip,packetDropUndefined:count,title,"packet drop: undefined, count",,,,,,,,,
plain-0-20220516-01:35:53-22224,scalar,Scenario.node[32].ipv4.ip,packetDropUndefined:sum(packetBytes),,,0,,,,,,,,
plain-0-20220516-01:35:53-22224,attr,Scenario.node[32].ipv4.ip,packetDropUndefined:sum(packetBytes),interpolationmode,none,,,,,,,,,
plain-0-20220516-01:35:53-22224,attr,Scenario.node[32].ipv4.ip,packetDropUndefined:sum(packetBytes),source,packetDropReasonIsUndefined(packetDropped),,,,,,,,,
plain-0-20220516-01:35:53-22224,attr,Scenario.node[32].ipv4.ip,packetDropUndefined:sum(packetBytes),title,"packet drop: undefined, sum(packetBytes)",,,,,,,,,
plain-0-20220516-01:35:53-22224,scalar,Scenario.node[32].ipv4.arp,arpResolutionFailed:count,,,0,,,,,,,,
plain-0-20220516-01:35:53-22224,attr,Scenario.node[32].ipv4.arp,arpResolutionFailed:count,title,"ARP failed resolutions, count",,,,,,,,,
plain-0-20220516-01:35:53-22224,scalar,Scenario.node[32].ipv4.arp,arpResolutionCompleted:count,,,0,,,,,,,,
plain-0-20220516-01:35:53-22224,attr,Scenario.node[32].ipv4.arp,arpResolutionCompleted:count,title,"ARP completed resolutions, count",,,,,,,,,
plain-0-20220516-01:35:53-22224,scalar,Scenario.node[32].ipv4.arp,arpResolutionInitiated:count,,,0,,,,,,,,
plain-0-20220516-01:35:53-22224,attr,Scenario.node[32].ipv4.arp,arpResolutionInitiated:count,title,"ARP initiated resolutions, count",,,,,,,,,
plain-0-20220516-01:35:53-22224,scalar,Scenario.node[32].ipv4.arp,arpReplySent:count,,,0,,,,,,,,
plain-0-20220516-01:35:53-22224,attr,Scenario.node[32].ipv4.arp,arpReplySent:count,source,arpReplySent,,,,,,,,,
plain-0-20220516-01:35:53-22224,attr,Scenario.node[32].ipv4.arp,arpReplySent:count,title,"ARP replies sent, count",,,,,,,,,
plain-0-20220516-01:35:53-22224,scalar,Scenario.node[32].ipv4.arp,arpReplySent:sum(packetBytes),,,0,,,,,,,,
plain-0-20220516-01:35:53-22224,attr,Scenario.node[32].ipv4.arp,arpReplySent:sum(packetBytes),source,arpReplySent,,,,,,,,,
plain-0-20220516-01:35:53-22224,attr,Scenario.node[32].ipv4.arp,arpReplySent:sum(packetBytes),title,"ARP replies sent, sum(packetBytes)",,,,,,,,,
plain-0-20220516-01:35:53-22224,scalar,Scenario.node[32].ipv4.arp,arpRequestSent:count,,,0,,,,,,,,
plain-0-20220516-01:35:53-22224,attr,Scenario.node[32].ipv4.arp,arpRequestSent:count,source,arpRequestSent,,,,,,,,,
plain-0-20220516-01:35:53-22224,attr,Scenario.node[32].ipv4.arp,arpRequestSent:count,title,"ARP request sent, count",,,,,,,,,
plain-0-20220516-01:35:53-22224,scalar,Scenario.node[32].ipv4.arp,arpRequestSent:sum(packetBytes),,,0,,,,,,,,
plain-0-20220516-01:35:53-22224,attr,Scenario.node[32].ipv4.arp,arpRequestSent:sum(packetBytes),source,arpRequestSent,,,,,,,,,
plain-0-20220516-01:35:53-22224,attr,Scenario.node[32].ipv4.arp,arpRequestSent:sum(packetBytes),title,"ARP request sent, sum(packetBytes)",,,,,,,,,
plain-0-20220516-01:35:53-22224,scalar,Scenario.node[32].udp,packetReceived:count,,,0,,,,,,,,
plain-0-20220516-01:35:53-22224,attr,Scenario.node[32].udp,packetReceived:count,interpolationmode,none,,,,,,,,,
plain-0-20220516-01:35:53-22224,attr,Scenario.node[32].udp,packetReceived:count,source,packetReceived,,,,,,,,,
plain-0-20220516-01:35:53-22224,attr,Scenario.node[32].udp,packetReceived:count,title,"packets received, count",,,,,,,,,
plain-0-20220516-01:35:53-22224,scalar,Scenario.node[32].udp,packetReceived:sum(packetBytes),,,0,,,,,,,,
plain-0-20220516-01:35:53-22224,attr,Scenario.node[32].udp,packetReceived:sum(packetBytes),interpolationmode,none,,,,,,,,,
plain-0-20220516-01:35:53-22224,attr,Scenario.node[32].udp,packetReceived:sum(packetBytes),source,packetReceived,,,,,,,,,
plain-0-20220516-01:35:53-22224,attr,Scenario.node[32].udp,packetReceived:sum(packetBytes),title,"packets received, sum(packetBytes)",,,,,,,,,
plain-0-20220516-01:35:53-22224,scalar,Scenario.node[32].udp,packetSent:count,,,0,,,,,,,,
plain-0-20220516-01:35:53-22224,attr,Scenario.node[32].udp,packetSent:count,interpolationmode,none,,,,,,,,,
plain-0-20220516-01:35:53-22224,attr,Scenario.node[32].udp,packetSent:count,source,packetSent,,,,,,,,,
plain-0-20220516-01:35:53-22224,attr,Scenario.node[32].udp,packetSent:count,title,"packets sent, count",,,,,,,,,
plain-0-20220516-01:35:53-22224,scalar,Scenario.node[32].udp,packetSent:sum(packetBytes),,,0,,,,,,,,
plain-0-20220516-01:35:53-22224,attr,Scenario.node[32].udp,packetSent:sum(packetBytes),interpolationmode,none,,,,,,,,,
plain-0-20220516-01:35:53-22224,attr,Scenario.node[32].udp,packetSent:sum(packetBytes),source,packetSent,,,,,,,,,
plain-0-20220516-01:35:53-22224,attr,Scenario.node[32].udp,packetSent:sum(packetBytes),title,"packets sent, sum(packetBytes)",,,,,,,,,
plain-0-20220516-01:35:53-22224,scalar,Scenario.node[32].udp,passedUpPk:count,,,0,,,,,,,,
plain-0-20220516-01:35:53-22224,attr,Scenario.node[32].udp,passedUpPk:count,interpolationmode,none,,,,,,,,,
plain-0-20220516-01:35:53-22224,attr,Scenario.node[32].udp,passedUpPk:count,source,packetSentToUpper,,,,,,,,,
plain-0-20220516-01:35:53-22224,attr,Scenario.node[32].udp,passedUpPk:count,title,"packets passed up, count",,,,,,,,,
plain-0-20220516-01:35:53-22224,scalar,Scenario.node[32].udp,droppedPkWrongPort:count,,,0,,,,,,,,
plain-0-20220516-01:35:53-22224,attr,Scenario.node[32].udp,droppedPkWrongPort:count,interpolationmode,none,,,,,,,,,
plain-0-20220516-01:35:53-22224,attr,Scenario.node[32].udp,droppedPkWrongPort:count,source,packetDropReasonIsNoPortFound(packetDropped),,,,,,,,,
plain-0-20220516-01:35:53-22224,attr,Scenario.node[32].udp,droppedPkWrongPort:count,title,"packets dropped (wrong port), count",,,,,,,,,
plain-0-20220516-01:35:53-22224,scalar,Scenario.node[32].udp,droppedPkBadChecksum:count,,,0,,,,,,,,
plain-0-20220516-01:35:53-22224,attr,Scenario.node[32].udp,droppedPkBadChecksum:count,interpolationmode,none,,,,,,,,,
plain-0-20220516-01:35:53-22224,attr,Scenario.node[32].udp,droppedPkBadChecksum:count,source,packetDropReasonIsIncorrectlyReceived(packetDropped),,,,,,,,,
plain-0-20220516-01:35:53-22224,attr,Scenario.node[32].udp,droppedPkBadChecksum:count,title,"packets dropped (checksum error), count",,,,,,,,,
plain-0-20220516-01:35:53-22224,scalar,Scenario.node[32].app[0],packetReceived:count,,,0,,,,,,,,
plain-0-20220516-01:35:53-22224,attr,Scenario.node[32].app[0],packetReceived:count,interpolationmode,none,,,,,,,,,
plain-0-20220516-01:35:53-22224,attr,Scenario.node[32].app[0],packetReceived:count,source,packetReceived,,,,,,,,,
plain-0-20220516-01:35:53-22224,attr,Scenario.node[32].app[0],packetReceived:count,title,"packets received, count",,,,,,,,,
plain-0-20220516-01:35:53-22224,scalar,Scenario.node[32].app[0],packetReceived:sum(packetBytes),,,0,,,,,,,,
plain-0-20220516-01:35:53-22224,attr,Scenario.node[32].app[0],packetReceived:sum(packetBytes),interpolationmode,none,,,,,,,,,
plain-0-20220516-01:35:53-22224,attr,Scenario.node[32].app[0],packetReceived:sum(packetBytes),source,packetReceived,,,,,,,,,
plain-0-20220516-01:35:53-22224,attr,Scenario.node[32].app[0],packetReceived:sum(packetBytes),title,"packets received, sum(packetBytes)",,,,,,,,,
plain-0-20220516-01:35:53-22224,scalar,Scenario.node[32].app[0],packetSent:count,,,0,,,,,,,,
plain-0-20220516-01:35:53-22224,attr,Scenario.node[32].app[0],packetSent:count,interpolationmode,none,,,,,,,,,
plain-0-20220516-01:35:53-22224,attr,Scenario.node[32].app[0],packetSent:count,source,packetSent,,,,,,,,,
plain-0-20220516-01:35:53-22224,attr,Scenario.node[32].app[0],packetSent:count,title,"packets sent, count",,,,,,,,,
plain-0-20220516-01:35:53-22224,scalar,Scenario.node[32].app[0],packetSent:sum(packetBytes),,,0,,,,,,,,
plain-0-20220516-01:35:53-22224,attr,Scenario.node[32].app[0],packetSent:sum(packetBytes),interpolationmode,none,,,,,,,,,
plain-0-20220516-01:35:53-22224,attr,Scenario.node[32].app[0],packetSent:sum(packetBytes),source,packetSent,,,,,,,,,
plain-0-20220516-01:35:53-22224,attr,Scenario.node[32].app[0],packetSent:sum(packetBytes),title,"packets sent, sum(packetBytes)",,,,,,,,,
plain-0-20220516-01:35:53-22224,statistic,Scenario.node[32].app[0],rcvdPkLifetime:stats,,,,0,,NaN,NaN,NaN,NaN,,
plain-0-20220516-01:35:53-22224,attr,Scenario.node[32].app[0],rcvdPkLifetime:stats,interpolationmode,none,,,,,,,,,
plain-0-20220516-01:35:53-22224,attr,Scenario.node[32].app[0],rcvdPkLifetime:stats,source,dataAge(packetReceived),,,,,,,,,
plain-0-20220516-01:35:53-22224,attr,Scenario.node[32].app[0],rcvdPkLifetime:stats,title,"received packet lifetime, stats",,,,,,,,,
plain-0-20220516-01:35:53-22224,attr,Scenario.node[32].app[0],rcvdPkLifetime:stats,unit,s,,,,,,,,,
plain-0-20220516-01:35:53-22224,histogram,Scenario.node[32].wlan[0].mac.dcf.channelAccess.pendingQueue,queueingTime:histogram,,,,0,,NaN,NaN,NaN,NaN," 0 1"," 0"
plain-0-20220516-01:35:53-22224,attr,Scenario.node[32].wlan[0].mac.dcf.channelAccess.pendingQueue,queueingTime:histogram,interpolationmode,none,,,,,,,,,
plain-0-20220516-01:35:53-22224,attr,Scenario.node[32].wlan[0].mac.dcf.channelAccess.pendingQueue,queueingTime:histogram,source,queueingTime(packetPopped),,,,,,,,,
plain-0-20220516-01:35:53-22224,attr,Scenario.node[32].wlan[0].mac.dcf.channelAccess.pendingQueue,queueingTime:histogram,title,"queueing times, histogram",,,,,,,,,
plain-0-20220516-01:35:53-22224,attr,Scenario.node[32].wlan[0].mac.dcf.channelAccess.pendingQueue,queueingTime:histogram,unit,s,,,,,,,,,
plain-0-20220516-01:35:53-22224,histogram,Scenario.node[32].wlan[0].mac.dcf.channelAccess.inProgressFrames,queueingTime:histogram,,,,0,,NaN,NaN,NaN,NaN," 0 1"," 0"
plain-0-20220516-01:35:53-22224,attr,Scenario.node[32].wlan[0].mac.dcf.channelAccess.inProgressFrames,queueingTime:histogram,interpolationmode,none,,,,,,,,,
plain-0-20220516-01:35:53-22224,attr,Scenario.node[32].wlan[0].mac.dcf.channelAccess.inProgressFrames,queueingTime:histogram,source,queueingTime(packetDequeued),,,,,,,,,
plain-0-20220516-01:35:53-22224,attr,Scenario.node[32].wlan[0].mac.dcf.channelAccess.inProgressFrames,queueingTime:histogram,title,"queueing times, histogram",,,,,,,,,
plain-0-20220516-01:35:53-22224,histogram,Scenario.node[32].wlan[0].mac.dcf,frameSequenceDuration:histogram,,,,0,,NaN,NaN,NaN,NaN," 0 1"," 0"
plain-0-20220516-01:35:53-22224,attr,Scenario.node[32].wlan[0].mac.dcf,frameSequenceDuration:histogram,source,frameSequenceDuration(frameSequenceFinished),,,,,,,,,
plain-0-20220516-01:35:53-22224,attr,Scenario.node[32].wlan[0].mac.dcf,frameSequenceDuration:histogram,title,"frame sequence durations, histogram",,,,,,,,,
plain-0-20220516-01:35:53-22224,histogram,Scenario.node[32].wlan[0].mac.dcf,frameSequenceNumPackets:histogram,,,,0,,NaN,NaN,NaN,NaN," 0 1"," 0"
plain-0-20220516-01:35:53-22224,attr,Scenario.node[32].wlan[0].mac.dcf,frameSequenceNumPackets:histogram,source,frameSequenceNumPackets(frameSequenceFinished),,,,,,,,,
plain-0-20220516-01:35:53-22224,attr,Scenario.node[32].wlan[0].mac.dcf,frameSequenceNumPackets:histogram,title,"frame sequences: number of packets, histogram",,,,,,,,,
plain-0-20220516-01:35:53-22224,histogram,Scenario.node[32].wlan[0].radio,radioChannel:histogram,,,,1,,3,NaN,3,3," 2 3 4"," 0 1"
plain-0-20220516-01:35:53-22224,attr,Scenario.node[32].wlan[0].radio,radioChannel:histogram,interpolationmode,sample-hold,,,,,,,,,
plain-0-20220516-01:35:53-22224,attr,Scenario.node[32].wlan[0].radio,radioChannel:histogram,source,radioChannelChanged,,,,,,,,,
plain-0-20220516-01:35:53-22224,attr,Scenario.node[32].wlan[0].radio,radioChannel:histogram,title,"Radio channel, histogram",,,,,,,,,
plain-0-20220516-01:35:53-22224,histogram,Scenario.node[32].wlan[0].radio,minSnir:histogram,,,,0,,NaN,NaN,NaN,NaN," 0 1"," 0"
plain-0-20220516-01:35:53-22224,attr,Scenario.node[32].wlan[0].radio,minSnir:histogram,source,minimumSnir(packetSentToUpper),,,,,,,,,
plain-0-20220516-01:35:53-22224,attr,Scenario.node[32].wlan[0].radio,minSnir:histogram,title,"Min SNIR, histogram",,,,,,,,,
plain-0-20220516-01:35:53-22224,histogram,Scenario.node[32].wlan[0].radio,packetErrorRate:histogram,,,,0,,NaN,NaN,NaN,NaN," 0 1"," 0"
plain-0-20220516-01:35:53-22224,attr,Scenario.node[32].wlan[0].radio,packetErrorRate:histogram,source,packetErrorRate(packetSentToUpper),,,,,,,,,
plain-0-20220516-01:35:53-22224,attr,Scenario.node[32].wlan[0].radio,packetErrorRate:histogram,title,"Packet error rate, histogram",,,,,,,,,
plain-0-20220516-01:35:53-22224,histogram,Scenario.node[32].wlan[0].radio,bitErrorRate:histogram,,,,0,,NaN,NaN,NaN,NaN," 0 1"," 0"
plain-0-20220516-01:35:53-22224,attr,Scenario.node[32].wlan[0].radio,bitErrorRate:histogram,source,bitErrorRate(packetSentToUpper),,,,,,,,,
plain-0-20220516-01:35:53-22224,attr,Scenario.node[32].wlan[0].radio,bitErrorRate:histogram,title,"Bit error rate, histogram",,,,,,,,,
plain-0-20220516-01:35:53-22224,histogram,Scenario.node[32].wlan[0].radio,symbolErrorRate:histogram,,,,0,,NaN,NaN,NaN,NaN," 0 1"," 0"
plain-0-20220516-01:35:53-22224,attr,Scenario.node[32].wlan[0].radio,symbolErrorRate:histogram,source,symbolErrorRate(packetSentToUpper),,,,,,,,,
plain-0-20220516-01:35:53-22224,attr,Scenario.node[32].wlan[0].radio,symbolErrorRate:histogram,title,"Symbol error rate, histogram",,,,,,,,,
